<?xml version="1.0" encoding="utf-8" ?>
<settings version="1">
  <section id="import" label="32010">
    <category id="sync" label="39530">
      <group id="1">
        <setting id="emby.forcesync" type="action" label="32042">
          <level>0</level>
          <control type="button" format="action" />
        </setting>
      </group>
    </category>
    <category id="library" label="32024">
      <group id="1">
        <setting id="emby.importviews" type="string" label="32020">
          <level>0</level>
          <default>all</default>
          <constraints>
            <allowempty>false</allowempty>
            <options>
              <option label="32021">all</option>
              <option label="32022">specific</option>
            </options>
          </constraints>
          <control type="spinner" format="string" />
        </setting>
        <setting id="emby.importspecificviews" type="list[string]" parent="emby.importviews" label="32023">
          <level>0</level>
          <default></default>
          <constraints>
            <delimiter>|</delimiter>
          </constraints>
          <dependencies>
            <dependency type="enable" setting="emby.importviews">specific</dependency>
          </dependencies>
          <control type="list" format="string">
            <multiselect>true</multiselect>
          </control>
        </setting>
        <setting id="emby.importcollections" type="boolean" label="32025">
          <level>0</level>
          <default>true</default>
          <dependencies>
            <dependency type="visible" on="property" name="HasMediaType">set</dependency>
          </dependencies>
          <control type="toggle" />
        </setting>
        <setting id="emby.syncsettingshash" type="string">
          <visible>false</visible>
          <level>4</level>
          <default></default>
          <constraints>
            <allowempty>true</allowempty>
          </constraints>
        </setting>
      </group>
    </category>
  </section>
</settings>
