<?xml version="1.0" encoding="UTF-8" standalone="yes"?>
<addon id="mediaimporter.emby" name="Emby Media Importer" version="0.0.12" provider-name="Montellese">
    <requires>
        <import addon="xbmc.python" version="3.0.0"/>
        <import addon="script.module.dateutil" version="2.8.1+matrix.1" />
        <import addon="script.module.requests" version="2.22.0+matrix.1" />
        <import addon="script.module.six" version="1.14.0+matrix.1" />
        <!-- <import addon="script.module.web-pdb" version="1.5.4+matrix.1" /> -->
        <import addon="script.module.websocket_client" version="0.57.0"/>
        <import addon="script.module.semantic_version" version="2.8.4" />
    </requires>
    <extension point="kodi.mediaimporter" discovery="discovery.py" library="importer.py" observer="observer.py">
        <canlookupprovider protocol="Emby">true</canlookupprovider>
        <providersettings>providersettings.xml</providersettings>
        <importsettings>importsettings.xml</importsettings>
    </extension>
    <extension point="kodi.context.item">
        <menu id="kodi.core.main">
            <menu>
                <label>Emby Media Importer</label>
                <item library="context.py" args="?action=sync">
                    <label>32103</label>
                    <visible>ListItem.IsImported + ListItem.IsEnabled + String.IsEqual(ListItem.MediaImporter,mediaimporter.emby)</visible>
                </item>
                <item library="context.py" args="?action=play">
                    <label>32100</label>
                    <visible>!ListItem.IsFolder + ListItem.IsImported + ListItem.IsEnabled + String.IsEqual(ListItem.MediaImporter,mediaimporter.emby)</visible>
                </item>
                <item library="context.py" args="?action=refresh">
                    <label>32104</label>
                    <visible>ListItem.IsImported + ListItem.IsEnabled + String.IsEqual(ListItem.MediaImporter,mediaimporter.emby)</visible>
                </item>
            </menu>
        </menu>
    </extension>
    <extension point="xbmc.addon.metadata">
        <summary lang="en_GB">Import and play media items from an Emby Media Server or Jellyfin</summary>
        <description lang="en_GB">Emby Media Importer allows you to import and play media libraries, for movies, tv shows and music videos, from Emby Media Server or Jellyfin. Thus using Emby / Jellyfin as a metadata manager (server) and Kodi as player (client). In addition playback data can be synced across multiple clients, for each user on Emby / Jellyfin.</description>
        <disclaimer lang="en_GB"></disclaimer>
        <platform>all</platform>
        <license>GPL-2.0-or-later</license>
        <forum></forum>
        <website>http://kodi.tv</website>
        <email>montellese@kodi.tv</email>
        <source>https://github.com/Montellese/mediaimporter.emby</source>
        <assets>
            <icon>resources/icon.png</icon>
        </assets>
    </extension>
</addon>
