<?xml version="1.0" encoding="UTF-8" standalone="yes"?>
<addon id="mediaimporter.plex" name="Plex Media Importer" version="0.0.5" provider-name="Montellese">
    <requires>
        <import addon="xbmc.python" version="3.0.0"/>
        <import addon="script.module.websocket_client" version="0.57.0"/>
        <import addon="script.module.requests" />
        <import addon="script.module.six" />
        <!-- <import addon="script.module.web-pdb" /> -->
    </requires>
    <extension point="kodi.mediaimporter" protocol="Plex" discovery="discovery.py" library="importer.py" observer="observer.py">
        <canlookupprovider>true</canlookupprovider>
        <provideschangeset>false</provideschangeset>
        <providersettings>providersettings.xml</providersettings>
        <importsettings>importsettings.xml</importsettings>
    </extension>
    <extension point="xbmc.addon.metadata">
        <summary lang="en_GB">Import and play media items from a Plex Media Server (PMS)</summary>
        <description lang="en_GB">Plex Media Importer allows you to import and play media libraries, for movies, tv shows and music videos, from Plex Media Server (PMS). Thus using Plex as a metadata manager (server) and Kodi as player (client). In addition playback data can be synced across multiple clients, for each user on Plex.</description>
        <disclaimer lang="en_GB"></disclaimer>
        <platform>all</platform>
        <license>GPL-2.0-or-later</license>
        <forum></forum>
        <website>http://kodi.tv</website>
        <email>montellese@kodi.tv</email>
        <source>https://github.com/Montellese/mediaimporter.plex</source>
    </extension>
</addon>
