<?xml version="1.0" encoding="UTF-8" standalone="yes"?>
<addon id="mediaimporter.emby" name="Emby Media Importer" version="0.0.1" provider-name="Montellese">
    <requires>
        <import addon="xbmc.python" version="2.1.0"/>
        <import addon="script.module.dateutil" />
        <import addon="script.module.requests" />
        <!-- <import addon="script.module.web-pdb" /> -->
    </requires>
    <extension point="kodi.mediaimporter" protocol="Emby" discovery="discovery.py" library="importer.py" observer="observer.py">
        <canlookupprovider>true</canlookupprovider>
        <provideschangeset>false</provideschangeset>
        <providersettings>providersettings.xml</providersettings>
        <importsettings>importsettings.xml</importsettings>
    </extension>
    <extension point="xbmc.addon.metadata">
        <summary lang="en">Import and play media items from an Emby Media Server or Jellyfin</summary>
        <description lang="en">Emby Media Importer allows you to import and play media libraries, for movies, tv shows and music videos, from Emby Media Server or Jellyfin. Thus using Emby / Jellyfin as a metadata manager (server) and Kodi as player (client). In addition playback data can be synced across multiple clients, for each user on Emby / Jellyfin.</description>
        <disclaimer lang="en"></disclaimer>
        <platform>all</platform>
        <license>GNU GENERAL PUBLIC LICENSE. Version 2, June 1991</license>
        <forum></forum>
        <website>http://kodi.tv</website>
        <email>montellese@kodi.tv</email>
        <source>https://github.com/Montellese/mediaimporter.emby</source>
    </extension>
</addon>
