<?xml version="1.0" encoding="utf-8" ?>
<settings version="1">
  <section id="emby" label="32010">
    <category id="access" label="32011">
      <group id="1">
        <setting id="emby.url" type="string">
          <visible>false</visible>
          <level>4</level>
          <default></default>
          <constraints>
            <allowempty>true</allowempty>
          </constraints>
        </setting>
        <setting id="emby.authentication" type="string" label="32035">
          <level>0</level>
          <default>local</default>
          <constraints>
            <options>
              <option label="32036">local</option>
              <option label="32037">embyconnect</option>
            </options>
          </constraints>
          <control type="list" format="string" />
        </setting>
        <setting id="emby.linkembyconnect" type="action" label="32038">
          <level>0</level>
          <dependencies>
            <dependency type="visible" on="setting" setting="emby.authentication" operator="is">embyconnect</dependency>
          </dependencies>
          <control type="button" format="action" />
        </setting>
        <setting id="emby.user" type="string" label="32012">
          <level>0</level>
          <default>manual</default>
          <constraints>
            <allowempty>true</allowempty>
          </constraints>
          <dependencies>
            <dependency type="visible" on="setting" setting="emby.authentication" operator="is">local</dependency>
          </dependencies>
          <control type="list" format="string" />
        </setting>
        <setting id="emby.username" type="string" label="32013">
          <level>0</level>
          <default></default>
          <constraints>
            <allowempty>true</allowempty>
          </constraints>
          <dependencies>
            <dependency type="visible">
              <and>
                <condition on="setting" setting="emby.authentication" operator="is">local</condition>
                <condition on="setting" setting="emby.user" operator="is">manual</condition>
              </and>
            </dependency>
          </dependencies>
          <control type="edit" format="string" />
        </setting>
        <setting id="emby.password" type="string" label="32014">
          <level>0</level>
          <default></default>
          <constraints>
            <allowempty>true</allowempty>
          </constraints>
          <dependencies>
            <dependency type="visible" on="setting" setting="emby.authentication" operator="is">local</dependency>
            <dependency type="enable">
              <or>
                <condition on="setting" setting="emby.user" operator="!is">manual</condition>
                <condition on="setting" setting="emby.username" operator="!is"></condition>
              </or>
            </dependency>
          </dependencies>
          <control type="edit" format="string">
            <hidden>true</hidden>
          </control>
        </setting>
        <setting id="emby.testauthentication" type="action" label="32016">
          <level>0</level>
          <dependencies>
            <dependency type="enable">
              <or>
                <and>
                  <condition on="setting" setting="emby.authentication" operator="is">embyconnect</condition>
                  <condition on="setting" setting="emby.connectuserid" operator="!is"></condition>
                  <condition on="setting" setting="emby.connectaccesskey" operator="!is"></condition>
                </and>
                <and>
                  <condition on="setting" setting="emby.authentication" operator="is">local</condition>
                  <or>
                    <condition on="setting" setting="emby.user" operator="!is">manual</condition>
                    <condition on="setting" setting="emby.username" operator="!is"></condition>
                  </or>
                </and>
              </or>
            </dependency>
          </dependencies>
          <control type="button" format="action" />
        </setting>
        <setting id="emby.userid" type="string">
          <visible>false</visible>
          <level>4</level>
          <default></default>
          <constraints>
            <allowempty>true</allowempty>
          </constraints>
        </setting>
        <setting id="emby.connectuserid" type="string">
          <visible>false</visible>
          <level>4</level>
          <default></default>
          <constraints>
            <allowempty>true</allowempty>
          </constraints>
        </setting>
        <setting id="emby.connectaccesskey" type="string">
          <visible>false</visible>
          <level>4</level>
          <default></default>
          <constraints>
            <allowempty>true</allowempty>
          </constraints>
        </setting>
        <setting id="emby.token" type="string">
          <visible>false</visible>
          <level>4</level>
          <default></default>
          <constraints>
            <allowempty>true</allowempty>
          </constraints>
        </setting>
        <setting id="emby.deviceid" type="string">
          <visible>false</visible>
          <level>4</level>
          <default></default>
          <constraints>
            <allowempty>true</allowempty>
          </constraints>
        </setting>
      </group>
      <group id="2" label="32043">
        <setting id="emby.resetdeviceid" type="action" label="32044">
          <level>0</level>
          <control type="button" format="action" />
        </setting>
        <setting id="emby.changeurl" type="action" label="32045">
          <level>0</level>
          <control type="button" format="action" />
        </setting>
      </group>
    </category>
    <category id="synchronization" label="32040">
      <group id="1">
        <setting id="emby.usekodicompanion" type="boolean" label="32041">
          <level>0</level>
          <default>true</default>
          <control type="toggle" />
        </setting>
      </group>
    </category>
    <category id="playback" label="32030">
      <group id="1">
        <setting id="emby.allowdirectplay" type="boolean" label="32031">
          <level>0</level>
          <default>true</default>
          <control type="toggle" />
        </setting>
        <setting id="emby.enableexternalsubtitles" type="boolean" label="32032">
          <level>0</level>
          <default>true</default>
          <control type="toggle" />
        </setting>
      </group>
    </category>
    <category id="interface" label="32033">
      <group id="1">
        <setting id="emby.showservermessages" type="boolean" label="32034">
          <level>0</level>
          <default>false</default>
          <control type="toggle" />
        </setting>
      </group>
    </category>
  </section>
</settings>
