<?xml version="1.0" encoding="utf-8" ?>
<settings version="1">
  <section id="plex" label="32010">
    <category id="access" label="32011">
      <group id="1">
        <setting id="plex.url" type="string">
          <visible>false</visible>
          <level>4</level>
          <default></default>
          <constraints>
            <allowempty>true</allowempty>
          </constraints>
        </setting>
        <setting id="plex.authentication" type="integer" label="32012">
          <level>0</level>
          <default>0</default>
          <constraints>
            <options>
              <option label="32013">0</option>  <!-- SETTINGS_PROVIDER_AUTHENTICATION_OPTION_LOCAL -->
              <option label="32014">1</option>  <!-- SETTINGS_PROVIDER_AUTHENTICATION_OPTION_MYPLEX -->
            </options>
          </constraints>
          <control type="list" format="string" />
        </setting>
        <setting id="plex.linkmyplexaccount" type="action" label="32015">
          <level>0</level>
          <dependencies>
            <dependency type="visible">
              <condition on="setting" setting="plex.authentication" operator="is">1</condition>  <!-- SETTINGS_PROVIDER_AUTHENTICATION_OPTION_MYPLEX -->
            </dependency>
          </dependencies>
          <control type="button" format="action" />
        </setting>
        <setting id="plex.username" type="string" label="32016">
          <level>0</level>
          <default></default>
          <constraints>
            <allowempty>true</allowempty>
          </constraints>
          <dependencies>
            <dependency type="visible">
              <condition on="setting" setting="plex.authentication" operator="is">1</condition>  <!-- SETTINGS_PROVIDER_AUTHENTICATION_OPTION_MYPLEX -->
            </dependency>
            <dependency type="enable">
              <condition on="setting" setting="plex.authentication" operator="is">0</condition>  <!-- SETTINGS_PROVIDER_AUTHENTICATION_OPTION_LOCAL -->
            </dependency>
          </dependencies>
          <control type="edit" format="string" />
        </setting>
        <setting id="plex.testconnection" type="action" label="32017">
          <level>0</level>
          <dependencies>
            <dependency type="enable">
              <or>
                <condition on="setting" setting="plex.authentication" operator="is">0</condition>  <!-- SETTINGS_PROVIDER_AUTHENTICATION_OPTION_LOCAL -->
                <condition on="setting" setting="plex.token" operator="!is"></condition> 
              </or>
            </dependency>
          </dependencies>
          <control type="button" format="action" />
        </setting>
        <setting id="plex.token" type="string">
          <visible>false</visible>
          <level>4</level>
          <default></default>
          <constraints>
            <allowempty>true</allowempty>
          </constraints>
        </setting>
      </group>
    </category>
    <category id="playback" label="32062">
      <group id="1">
        <setting id="plex.enableexternalsubtitles" type="boolean" label="32063">
          <level>0</level>
          <default>true</default>
          <control type="toggle" />
        </setting>
        <setting id="plex.allowdirectplay" type="boolean" label="32066">
          <level>0</level>
          <default>true</default>
          <control type="toggle" />
        </setting>
      </group>
    </category>
  </section>
</settings>
