<?xml version="1.0" encoding="utf-8" ?>
<settings version="1">
  <section id="import" label="32010">
    <category id="emby" label="32024">
      <group id="1">
        <setting id="emby.importviews" type="string" label="32020">
          <level>0</level>
          <default>all</default>
          <constraints>
            <allowempty>false</allowempty>
            <options>
              <option label="32021">all</option>
              <option label="32022">specific</option>
            </options>
          </constraints>
          <control type="spinner" format="string" />
        </setting>
        <setting id="emby.importspecificviews" type="list[string]" parent="emby.importviews" label="32023">
          <level>0</level>
          <default></default>
          <constraints>
            <delimiter>|</delimiter>
          </constraints>
          <dependencies>
            <dependency type="enable" setting="emby.importviews">specific</dependency>
          </dependencies>
          <control type="list" format="string">
            <multiselect>true</multiselect>
          </control>
        </setting>
      </group>
    </category>
  </section>
</settings>
